{
  "current": "Base",
  "presets": {
    "Base": {
      "brand_main_color": "#01A9DB",
      "body_background_color": "#ffffff",
      "main_menu_background_color": "#222222",
      "main_menu_links_color": "#EEEEEE",
      "main_menu_links_color_hover": "#01A9DB",
      "second_menu_background_color": "#f8f8f8",
      "second_menu_links_color": "#777777",
      "second_menu_links_color_hover": "#01A9DB",
      "breadcrumb_background_color": "#FAFAFA",
      "breadcrumb_inactive_links_color": "#777",
      "breadcrumb_active_links_color": "#01A9DB",
      "footer_title_color": "#FFF",
      "footer_background_color": "#222222",
      "footer_body_text_color": "#717171",
      "footer_links_color": "#717171",
      "footer_links_color_hover": "#01A9DB",
      "footer_second_menu_text_color": "#717171",
      "footer_second_menu_links_color": "#717171",
      "footer_second_menu_links_color_hover": "#01A9DB",
      "footer_second_menu_background_color": "#000000",
      "headings_color": "#222222",
      "body_font_color": "#161616",
      "main_link_color": "#01A9DB",
      "main_link_color_hover": "#0291BD",
      "btn_color": "#222222",
      "btn_color_hover": "#01A9DB",
      "slide_title_color": "#FFFFFF",
      "slide_description_color": "#FFFFFF",
      "slide_btn_color": "#FFFFFF",
      "placeholder_background_color": "#f4f4f4",
      "show_vendor_name": true,
      "product_card_background_color": "#f4f4f4",
      "product_compared_price_color": "#D61200",
      "product_thumbnail_form": "image_portrait",
      "body_font": "Google+Lato",
      "body_font_size": "14px",
      "body_font_type": " sans-serif",
      "body_font_weight": "400",
      "heading_font": "Google+Playfair+Display",
      "heading_font_type": " serif",
      "heading_font_size": "36px",
      "heading_font_weight": "400",
      "top_second_nav": "",
      "use_logo": false,
      "nav_logo": "",
      "nav_inverse_logo": "",
      "brand_logo_width": "120px",
      "use_favicon": false,
      "favicon.png": "",
      "footer_display_contact_data": true,
      "footer_contact_data": "Calle Principal #000\n+52 1 000 000 0000",
      "footer_display_newsletter": true,
      "footer_mailing_list_title": "¡Entérate de nuestras ofertas!",
      "footer_mailing_list_text": "Entérate antes que nadie de las mejores promociones, nuevos estilos, tendencias del momento y mucho más…",
      "footer_display_social": true,
      "footer_display_payment_methods": true,
      "footer_first_display_menu": true,
      "footer_first_title_menu": "Navegación",
      "footer_first_menu": "footer",
      "footer_second_display_menu": false,
      "footer_second_title_menu": "",
      "footer_second_menu": "",
      "footer_third_display_menu": false,
      "footer_third_title_menu": "",
      "footer_third_menu": "",
      "footer_fourth_display_menu": false,
      "footer_fourth_title_menu": "",
      "footer_fourth_menu": "",
      "policy_url": "",
      "accept_visa": true,
      "accept_mastercard": true,
      "accept_amex": true,
      "accept_paypal": true,
      "accept_oxxo": true,
      "accept_spei": false,
      "accept_cash": false,
      "frontpage_section_1": "featured-slider",
      "frontpage_section_2": "featured-collections",
      "frontpage_section_3": "featured-products",
      "frontpage_section_4": "featured-banner",
      "frontpage_section_5": "featured-blog",
      "frontpage_section_6": "featured-instagram",
      "slide_1": true,
      "slide_1_img_background": "",
      "slide_1_title": "Lorem Ipsum One",
      "slide_1_title_color": "#FFFFFF",
      "slide_1_description": "Fashion Trends",
      "slide_1_description_color":"#FFFFFF",
      "slide_1_btn": true,
      "slide_1_btn_text": "Ver más",
      "slide_1_btn_buy_link": "",
      "slide_1_btn_color": "#FFFFFF",
      "slide_1_bg_color": "#FFFFFF",
      "slide_2": true,
      "slide_2_img_background": "",
      "slide_2_title": "Lorem Ipsum Two",
      "slide_2_title_color": "#FFFFFF",
      "slide_2_description": "Fashion Trends",
      "slide_2_description_color":"#FFFFFF",
      "slide_2_btn": true,
      "slide_2_btn_text": "Ver más",
      "slide_2_btn_buy_link": "",
      "slide_2_btn_color": "#FFFFFF",
      "slide_2_bg_color": "#FFFFFF",
      "slide_3": true,
      "slide_3_img_background": "",
      "slide_3_title": "Lorem Ipsum Three",
      "slide_3_title_color": "#FFFFFF",
      "slide_3_description": "Fashion Trends",
      "slide_3_description_color":"#FFFFFF",
      "slide_3_btn": true,
      "slide_3_btn_text": "Ver más",
      "slide_3_btn_buy_link": "",
      "slide_3_btn_color": "#FFFFFF",
      "slide_3_bg_color": "#FFFFFF",
      "slider_has_overlay": true,
      "slider_arrow_color": "#FFFFFF",
      "slider_text_has_overlay": true,
      "slide_bg_cover_type": false,
      "featured_collection_1": "inicio",
      "featured_collection_2": "",
      "featured_collection_3": "",
      "featured_collection_4": "",
      "featured_collection_5": "",
      "featured_collection_6": "",
      "featured_products_collection": "inicio",
      "featured_products_title": "Productos destacados",
      "featured_products_limit": "8",
      "main_banner_image": "",
      "enable_banner_image": true,
      "main_banner_overlay": true,
      "main_banner_background_color": "#f4f4f4",
      "main_banner_title": "Lorem Ipsum",
      "main_banner_title_color": "#01A9DB",
      "main_banner_description": "Lorem ipsum dolor sit amet.",
      "main_banner_description_align": "left",
      "main_banner_description_color": "#222222",
      "main_banner_btn_text": "Ver más",
      "main_banner_btn_url": "/",
      "featured_blog": "noticias",
      "featured_blog_title": "Fashion Blog",
      "featured_blog_home_thumbnails_enabled": true,
      "featured_blog_limit": 3,
      "instagram_title": "Síguenos en Instagram",
      "instagram_id": "",
      "instagram_token": "",
      "featured_blog_thumbnails_enabled": true,
      "show_collections_sidebar": true,
      "enable_product_image_zoom": true,
      "contact_page_title": "¡Contáctanos!",
      "contact_page_description": "En caso de que tengas alguna duda, siempre puedes contar que estaremos para ti.",
      "contact_page_form_title": "Queremos saber más de ti",
      "contact_page_form_description": "Cualquier duda que tengas, envíanosla. Trataremos de responderte en las siguientes 48 Hrs.",
      "contact_page_info": true,
      "cart_title": "Carrito de compras",
      "cart_description": "En caso de que tengas alguna duda, siempre puedes contar con nosotros, aquí estaremos para ti.",
      "cart_btn_buy_text": "Proceder a comprar",
      "cart_btn_more_text": "Comprar más",
      "facebook_link": "",
      "twitter_link": "",
      "google_link": "",
      "pinterest_link": "",
      "instagram_link": "",
      "youtube_link": "",
      "vimeo_link": "",
      "tumblr_link": "",
      "whatsapp_link": "",
      "enable_share_products": true,
      "enable_share_blog": true,
      "share_facebook": true,
      "share_twitter": true,
      "share_pinterest": true,
      "share_google": true
    }
  }
}
